Bloomberg,بلومبرگ,http://www.parsatv.com/embed.php?name=Bloomberg&auto=false
CPAC Canada,CPAC کانادا,http://www.parsatv.com/embed.php?name=CPAC-Canada&auto=false
ABC News,اخبار ABC,http://www.parsatv.com/embed.php?name=ABC-News&auto=false
France 24 EN,فرانسه 24 در,http://www.parsatv.com/embed.php?name=France-24-English&auto=false
Aljazeera,الجزیره,http://www.parsatv.com/embed.php?name=Aljazeera-English&auto=false
CBN News,اخبار CBN,http://www.parsatv.com/embed.php?name=CBN-News&auto=false
HLN,HLN,http://www.parsatv.com/embed.php?name=HLN&auto=false
Newsmax TV,تلویزیون اخبار,http://www.parsatv.com/embed.php?name=Newsmax-TV&auto=false
InfoWars,غرفه,http://www.parsatv.com/embed.php?name=InfoWars&auto=false
Veteran News,اخبار جانباز,http://www.parsatv.com/embed.php?name=Veteran-News-Network&auto=false
RSBN TV,تلویزیون RSBN,http://www.parsatv.com/embed.php?name=Right-Side-Broadcasting-Network&auto=false
Newsy,اخبار,http://www.parsatv.com/embed.php?name=Newsy&auto=false
RAV TV,تلویزیون کهربا,http://www.parsatv.com/embed.php?name=Real-Americas-Voice&auto=false
DW News,اخبار DW,http://www.parsatv.com/embed.php?name=Deutsche-Welle-News&auto=false
Cheddar News,اخبار چدار,http://www.parsatv.com/embed.php?name=Cheddar-News&auto=false
TD Ameritrade,TD Ameritrade,http://www.parsatv.com/embed.php?name=TD-Ameritrade-Network&auto=false
NOW News,اکنون اخبار,http://www.parsatv.com/embed.php?name=News-Of-The-World&auto=false
NBC LX,NBC LX,http://www.parsatv.com/embed.php?name=NBC-LX&auto=false
NHK World,دنیای NHK,http://www.parsatv.com/embed.php?name=NHK-World&auto=false
ABC News AU,ABC News AU,http://www.parsatv.com/embed.php?name=ABC-News-Australia&auto=false
CNA TV,تلویزیون CNA,http://www.parsatv.com/embed.php?name=CNA-TV&auto=false
Weather Nation,حصارکشی,http://www.parsatv.com/embed.php?name=Weather-Nation&auto=false
ICI RDI,اینجا RDI,http://www.parsatv.com/embed.php?name=ICI-RDI&auto=false
TRT World,دنیای TRT,http://www.parsatv.com/embed.php?name=TRT-World&auto=false
Arirang TV,تلویزیون آریرانگ,http://www.parsatv.com/embed.php?name=Arirang-TV&auto=false
CGTN English,CGTN انگلیسی,http://www.parsatv.com/embed.php?name=CGTN-English&auto=false
The First TV,اولین تلویزیون,http://www.parsatv.com/embed.php?name=The-First-TV&auto=false
WION,تازگی,http://www.parsatv.com/embed.php?name=World-Is-One-News&auto=false
Global News,اخبار جهانی,http://www.parsatv.com/embed.php?name=Global-News&auto=false
Yahoo Finance,امور مالی یاهو,http://www.parsatv.com/embed.php?name=Yahoo-Finance&auto=false
Free Speech TV,تلویزیون گفتار آزاد,http://www.parsatv.com/embed.php?name=Free-Speech-TV&auto=false
A News,یک خبر,http://www.parsatv.com/embed.php?name=A-News&auto=false
France 24 FR,فرانسه 24 FR,http://www.parsatv.com/embed.php?name=France-24-French&auto=false
Aljazeera Balkans,aljazeera balans,http://www.parsatv.com/embed.php?name=Aljazeera-Balkans&auto=false
Euronews EN,EURONEWS در,http://www.parsatv.com/embed.php?name=Euronews&auto=false
Euronews RU,Euronews ru,http://www.parsatv.com/embed.php?name=Euronews-Russian&auto=false
Euronews IT,EuRonews آن را,http://www.parsatv.com/embed.php?name=Euronews-Italiano&auto=false
Mordovia 24,Mordovia 24,http://www.parsatv.com/embed.php?name=Mordovia-24&auto=false
News 24 Japan,اخبار 24 ژاپن,http://www.parsatv.com/embed.php?name=News-24-Japan&auto=false
Africanews,وابسته به آفریقایی,http://www.parsatv.com/embed.php?name=Africanews&auto=false
Texas News,اخبار تگزاس,http://www.parsatv.com/embed.php?name=KXXV-Texas-News&auto=false
Fox 5 NY,روباه 5,http://www.parsatv.com/embed.php?name=Fox-5-New-York&auto=false
KTLA 5 LA,بلوک X,http://www.parsatv.com/embed.php?name=KTLA-5-Los-Angeles&auto=false
ABC 10 SD,ABC 10 SD,http://www.parsatv.com/embed.php?name=ABC-10-San-Diego&auto=false
CBS 8 SD,CBS 8 SD,http://www.parsatv.com/embed.php?name=CBS-8-San-Diego&auto=false
Fox 5 SD,FOX 5 SD,http://www.parsatv.com/embed.php?name=Fox-5-San-Diego&auto=false
Rai News 24,RAI News 24,http://www.parsatv.com/embed.php?name=Rai-News-24&auto=false
Moscow 24,مسکو 24,http://www.parsatv.com/embed.php?name=Moscow-24&auto=false
Russia 24,روسیه 24,http://www.parsatv.com/embed.php?name=Russia-24&auto=false
RBC TV Russia,RBC تلویزیون روسیه,http://www.parsatv.com/embed.php?name=RBC-TV-Russia&auto=false
Russia Today,روسیه امروز,http://www.parsatv.com/embed.php?name=Russia-Today&auto=false
RT America,RT آمریکا,http://www.parsatv.com/embed.php?name=Russia-Today-America&auto=false
RT UK,RT UK,http://www.parsatv.com/embed.php?name=Russia-Today-UK&auto=false
RT France,RT فرانسه,http://www.parsatv.com/embed.php?name=Russia-Today-France&auto=false
Belarus 24,بلاروس 24,http://www.parsatv.com/embed.php?name=Belarus-24&auto=false
Radio Hamrah,رادیو هامرا,http://www.parsatv.com/embed.php?name=Radio-Hamrah&auto=false
Radio Yar,ساقه,http://www.parsatv.com/embed.php?name=Radio-Yar&auto=false
Sarcheshmeh,سارچمک,http://www.parsatv.com/embed.php?name=Radio-Sarcheshmeh&auto=false
Radio Javan US,رادیو جاوا ایالات متحده,http://www.parsatv.com/embed.php?name=Radio-Javan-USA&auto=false
KIRN 670 Radio,رادیو Kirn 670,http://www.parsatv.com/embed.php?name=KIRN-670-Radio&auto=false
Radio Ran,راد دوید,http://www.parsatv.com/embed.php?name=Radio-Ran&auto=false
Radio Ava,رادیو آوا,http://www.parsatv.com/embed.php?name=Radio-Ava&auto=false
Radio Shadi,رادیو سایه,http://www.parsatv.com/embed.php?name=Radio-Shadi&auto=false
Radio Setareh,رادیو ستارها,http://www.parsatv.com/embed.php?name=Radio-Setareh&auto=false
Radio Navahang,رادیو ناوهانگانگ,http://www.parsatv.com/embed.php?name=Radio-Navahang&auto=false
Radio Faaz,رادیو فااز,http://www.parsatv.com/embed.php?name=Radio-Faaz&auto=false
Radio Shoma,رادیو چند است,http://www.parsatv.com/embed.php?name=Radio-Shoma&auto=false
LPR Radio,رادیو LPR,http://www.parsatv.com/embed.php?name=London-Persian-Radio&auto=false
Persian VIP,VIP فارسی,http://www.parsatv.com/embed.php?name=Persian-VIP&auto=false
Radio Gheseh,رادیو GHESEH,http://www.parsatv.com/embed.php?name=Radio-Gheseh&auto=false
Radio Farda Rd,رادیو Farda Rd,http://www.parsatv.com/embed.php?name=Radio-Farda-Radio&auto=false
BBC Persian Rd,BBC Persian Rd,http://www.parsatv.com/embed.php?name=BBC-Persian-Radio&auto=false
VOA PNN Rd,VOA PNN RD,http://www.parsatv.com/embed.php?name=VOA-Persian-Radio&auto=false
Iran Intl Radio,رادیو ایران INTL,http://www.parsatv.com/embed.php?name=Iran-International-Radio&auto=false
Iranian Congress,کنگره ایرانی,http://www.parsatv.com/embed.php?name=Iranian-Congress&auto=false
Radio Parsa,رادیو پارسا,http://www.parsatv.com/embed.php?name=Radio-Parsa&auto=false
Radio Bamdad,رادیو بامد,http://www.parsatv.com/embed.php?name=Radio-Bamdad&auto=false
Radio Mojdeh,رادیو موجده,http://www.parsatv.com/embed.php?name=Radio-Mojdeh&auto=false
Radio Tondar,رادیو توندار,http://www.parsatv.com/embed.php?name=Radio-Tondar&auto=false
Radio Mojahed,رادیو مجهه,http://www.parsatv.com/embed.php?name=Radio-Mojahed&auto=false
RFI Farsi,RFI برای انجام,http://www.parsatv.com/embed.php?name=RFI-Farsi&auto=false
Radio Mashruteh,رادیو مالروته,http://www.parsatv.com/embed.php?name=Radio-Mashruteh&auto=false
Radio Rooz,ترمیم رادیویی,http://www.parsatv.com/embed.php?name=Radio-Rooz&auto=false
Radio Javan IR,رادیو Javan IR,http://www.parsatv.com/embed.php?name=Radio-Javan-Iran&auto=false
Radio Mahoor,رادیو ماهور,http://www.parsatv.com/embed.php?name=Radio-Mahoor-Sonati&auto=false
Yek Jahan,یک جهان,http://www.parsatv.com/embed.php?name=Radio-Yek-Jahan&auto=false
Payame Doost,دوست پام,http://www.parsatv.com/embed.php?name=Payame-Doost&auto=false
Radio Shemroon,رادیو شمرون,http://www.parsatv.com/embed.php?name=Radio-Shemroon&auto=false
Hamsafar Radio,رادیو هومسافر,http://www.parsatv.com/embed.php?name=Hamsafar-Radio&auto=false
Kalameh Omid,سخنان او دین است,http://www.parsatv.com/embed.php?name=Radio-Kalameh-Omid&auto=false
Sedaye Enjil,برای همیشه فرشته,http://www.parsatv.com/embed.php?name=Radio-Sedaye-Enjil&auto=false
Radio Arina,رادیو آرینا,http://www.parsatv.com/embed.php?name=Radio-Arina&auto=false
Radio Javanan,ژانان رادیویی,http://www.parsatv.com/embed.php?name=Radio-Javanan&auto=false
Radio Vanak,رادیو واناک,http://www.parsatv.com/embed.php?name=Radio-Vanak&auto=false
Radio Donya,رادیو دونیا,http://www.parsatv.com/embed.php?name=Radio-Donya&auto=false
Stockholmian,استکهلم,http://www.parsatv.com/embed.php?name=Radio-Stockholmian&auto=false
Caltex Radio,رادیو کالتکس,http://www.parsatv.com/embed.php?name=Caltex-Music-Radio&auto=false
Radio Varzesh,رادیو وارزش,http://www.parsatv.com/embed.php?name=Radio-Varzesh&auto=false
Radio Navid,رادیو نوید,http://www.parsatv.com/embed.php?name=Radio-Navid&auto=false
"""""""Radio Bahai""""""",رادیو بهائی,http://www.parsatv.com/embed.php?name=Radio-Bahai-English&auto=false
CSPAN Radio,رادیو دهانه,http://www.parsatv.com/embed.php?name=CSPAN-Radio&auto=false
Bloomberg Radio,رادیو بلومبرگ,http://www.parsatv.com/embed.php?name=Bloomberg-Radio&auto=false
Associated Press,مطبوعات همراه,http://www.parsatv.com/embed.php?name=Associated-Press-Radio&auto=false
OANN Radio,خفه کردن,http://www.parsatv.com/embed.php?name=One-America-News-Network-Radio&auto=false
MSNBC Radio,رادیو msnbc,http://www.parsatv.com/embed.php?name=MSNBC-Radio&auto=false
KIIS FM LA,kiis fm,http://www.parsatv.com/embed.php?name=KIIS-FM-Los-Angeles&auto=false
Heart London,قلب لندن,http://www.parsatv.com/embed.php?name=Heart-London&auto=false
Hits Radio,از رادیو برخورد می کند,http://www.parsatv.com/embed.php?name=Hits-Radio&auto=false
Air Connect Rd,Air Connect Rd,http://www.parsatv.com/embed.php?name=Air-Connect-Radio&auto=false
100 Hitz,100 کلمه,http://www.parsatv.com/embed.php?name=100-Hitz&auto=false
NRJ EDM,NRJ EDM,http://www.parsatv.com/embed.php?name=NRJ-EDM&auto=false
Wild Rock Radio,رادیو راک وحشی,http://www.parsatv.com/embed.php?name=Wild-Rock-Radio&auto=false
EDM Party,حزب EDM,http://www.parsatv.com/embed.php?name=EDM-Party&auto=false
"""""""Todays Hits""""""",بازدیدهای امروز,http://www.parsatv.com/embed.php?name=Todays-Hits&auto=false
Vibe of Vegas,پرشکوه وگاس,http://www.parsatv.com/embed.php?name=The-Vibe-of-Vegas&auto=false
Adult Hits,بازدیدهای بزرگسالان,http://www.parsatv.com/embed.php?name=Adult-Hits-Radio&auto=false
Workout Hits,بازدیدهای تمرین,http://www.parsatv.com/embed.php?name=Workout-Hits&auto=false
Kral POP Radio,رادیو پاپ کرال,http://www.parsatv.com/embed.php?name=Kral-POP-Radio&auto=false
TalkSport,مذاکره,http://www.parsatv.com/embed.php?name=TalkSport&auto=false
Yahoo Sports,ورزش های یاهو,http://www.parsatv.com/embed.php?name=Yahoo-Sports-Radio&auto=false
ESPN Radio,رادیو ESPN,http://www.parsatv.com/embed.php?name=ESPN-Radio&auto=false
VIVA Polska,زنده,http://www.parsatv.com/embed.php?name=VIVA-Polska&auto=false
MTV Norway,MTV نروژ,http://www.parsatv.com/embed.php?name=MTV-Norway&auto=false
Biz Music,موسیقی,http://www.parsatv.com/embed.php?name=Biz-Music&auto=false
Power TV,تلویزیون برق,http://www.parsatv.com/embed.php?name=Power-TV&auto=false
M2O TV,تلویزیون M2O,http://www.parsatv.com/embed.php?name=M2O-TV&auto=false
Baraza TV Hits,بازدید از تلویزیون بارزا,http://www.parsatv.com/embed.php?name=Baraza-TV-Hits&auto=false
Spirit TV,تلویزیون روح,http://www.parsatv.com/embed.php?name=Spirit-TV&auto=false
Qmusic,وابسته به qmusic,http://www.parsatv.com/embed.php?name=Qmusic&auto=false
Ritsa TV,شوالیه,http://www.parsatv.com/embed.php?name=Ritsa-TV&auto=false
Otto FM TV,تلویزیون Otto FM,http://www.parsatv.com/embed.php?name=Otto-FM-TV&auto=false
Retro Music,موسیقی یکپارچهسازی با سیستمعامل,http://www.parsatv.com/embed.php?name=Retro-Music&auto=false
V2 Beat,V2 ضرب و شتم,http://www.parsatv.com/embed.php?name=V2Beat-TV&auto=false
Colosal TV,تلویزیون,http://www.parsatv.com/embed.php?name=Colosal-TV&auto=false
Deejay TV,تلویزیون Deejay,http://www.parsatv.com/embed.php?name=Deejay-TV&auto=false
Kronehit TV,تلویزیون Krronhit,http://www.parsatv.com/embed.php?name=Kronehit-TV&auto=false
Music Top,موسیقی بالا,http://www.parsatv.com/embed.php?name=Music-Top&auto=false
Radio Italia TV,تلویزیون رادیو ایتالیا,http://www.parsatv.com/embed.php?name=Radio-Italia-TV&auto=false
CMC TV,تلویزیون CMC,http://www.parsatv.com/embed.php?name=California-Music-Channel&auto=false
Company TV,تلویزیون شرکت,http://www.parsatv.com/embed.php?name=Company-TV&auto=false
Ibiza Global TV,تلویزیون جهانی ایبیزا,http://www.parsatv.com/embed.php?name=Ibiza-Global-TV&auto=false
Afrobeat TV,تلویزیون Afrobeat,http://www.parsatv.com/embed.php?name=Afrobeat-TV&auto=false
DBM TV,تلویزیون DBM,http://www.parsatv.com/embed.php?name=Digital-Black-Music&auto=false
Sky Folk TV,تلویزیون خجالتی,http://www.parsatv.com/embed.php?name=Sky-Folk-TV&auto=false
Tierramia TV,تلویزیون Tierramia,http://www.parsatv.com/embed.php?name=Tierramia-TV&auto=false
Baraza TV,تلویزیون,http://www.parsatv.com/embed.php?name=Baraza-TV&auto=false
NRG 91 Music,موسیقی NRG 91,http://www.parsatv.com/embed.php?name=NRG-91-Music&auto=false
Ocko Expres,بابا اکسل می شود,http://www.parsatv.com/embed.php?name=Ocko-Expres&auto=false
Piterpan TV,تلویزیون پیتر,http://www.parsatv.com/embed.php?name=Piterpan-TV&auto=false
Radionorba TV,تلویزیون رادیوونبا,http://www.parsatv.com/embed.php?name=Radionorba-TV&auto=false
Portalfoxmix TV,تلویزیون Portalfoxmix,http://www.parsatv.com/embed.php?name=Portalfoxmix-TV&auto=false
RadioU TV,سل,http://www.parsatv.com/embed.php?name=RadioU-TV&auto=false
NGRadio TV,تلویزیون Ngradio,http://www.parsatv.com/embed.php?name=NGRadio-TV&auto=false
Xalastra TV,سل,http://www.parsatv.com/embed.php?name=Xalastra-TV&auto=false
On Air TV,در تلویزیون هوایی,http://www.parsatv.com/embed.php?name=On-Air-TV&auto=false
Go TV,تلویزیون برو,http://www.parsatv.com/embed.php?name=Go-TV&auto=false
Monte Carlo,مونت کارلو,http://www.parsatv.com/embed.php?name=Radio-Monte-Carlo-TV&auto=false
City TV,تلویزیون شهر,http://www.parsatv.com/embed.php?name=City-TV&auto=false
Country FM,کشور FM,http://www.parsatv.com/embed.php?name=Country-FM&auto=false
Kiss Kiss TV,تلویزیون بوسه بوسه,http://www.parsatv.com/embed.php?name=Kiss-Kiss-Italia-TV&auto=false
Magic TV,تلویزیون جادویی,http://www.parsatv.com/embed.php?name=Magic-TV&auto=false
HQM Music,موسیقی HQM,http://www.parsatv.com/embed.php?name=HQM-Music&auto=false
Kuriakos Music,کوریاکوس,http://www.parsatv.com/embed.php?name=Kuriakos-Music&auto=false
N&T Party,مهمانی N&T,http://www.parsatv.com/embed.php?name=NT-Party&auto=false
EIMC TV,تلویزیون EIMC,http://www.parsatv.com/embed.php?name=Euro-Indie-Music&auto=false
Radio Capital TV,تلویزیون سرمایه رادیویی,http://www.parsatv.com/embed.php?name=Radio-Capital-TV&auto=false
Tezaur Folc,گنج عامیانه,http://www.parsatv.com/embed.php?name=Tezaur-Folc-TV&auto=false
THT Music,موسیقی,http://www.parsatv.com/embed.php?name=THT-Music&auto=false
9 Volna,9,http://www.parsatv.com/embed.php?name=9-Volna&auto=false
Yuna Vision,چشم انداز یونا,http://www.parsatv.com/embed.php?name=Yuna-Vision&auto=false
Fashion TV,تلویزیون مد,http://www.parsatv.com/embed.php?name=Fashion-TV&auto=false
World Fashion,شیوه جهانی,http://www.parsatv.com/embed.php?name=World-Fashion&auto=false
Kaloopy TV,تلویزیون Kaloopy,http://www.parsatv.com/embed.php?name=Kaloopy-TV&auto=false
Runway TV,تلویزیون باند,http://www.parsatv.com/embed.php?name=Runway-TV&auto=false
W Fashion RU,W FASHION RU,http://www.parsatv.com/embed.php?name=World-Fashion-Russia&auto=false
Fashion One,مد یکی,http://www.parsatv.com/embed.php?name=Fashion-One&auto=false
FTV Paris,FTV پاریس,http://www.parsatv.com/embed.php?name=FTV-Paris&auto=false
FTV Magazine,مجله FTV,http://www.parsatv.com/embed.php?name=FTV-Magazine&auto=false
FTV International,FTV International,http://www.parsatv.com/embed.php?name=FTV-International&auto=false
FTV Bikini,بیکینی FTV,http://www.parsatv.com/embed.php?name=FTV-Bikini&auto=false
FTV Asia,ftvika,http://www.parsatv.com/embed.php?name=FTV-Asia&auto=false
Miami TV,تلویزیون میامی,http://www.parsatv.com/embed.php?name=Miami-TV&auto=false
GEMS TV,سنگهای قیمتی,http://www.parsatv.com/embed.php?name=GEMS-TV&auto=false
Cruise1st TV,Cruise1st TV,http://www.parsatv.com/embed.php?name=Cruise1st-TV&auto=false
Global Fashion,شیوه جهانی,http://www.parsatv.com/embed.php?name=Global-Fashion-Channel&auto=false
QVC Beauty,زیبایی QVC,http://www.parsatv.com/embed.php?name=QVC-Beauty&auto=false
HSN TV,تلویزیون HSN,http://www.parsatv.com/embed.php?name=HSN-TV&auto=false
Jewellery Maker,جواهرات ساز,http://www.parsatv.com/embed.php?name=Jewellery-Maker&auto=false
QVC Kitchen,آشپزخانه QVC,http://www.parsatv.com/embed.php?name=QVC-Kitchen&auto=false
QVC Beauty 2,QVC Beauty 2,http://www.parsatv.com/embed.php?name=QVC-Beauty-2&auto=false
QVC Beauty 3,QVC Beauty 3,http://www.parsatv.com/embed.php?name=QVC-Beauty-3&auto=false
Biz Cinema,ما سینما هستیم,http://www.parsatv.com/embed.php?name=Biz-Cinema&auto=false
Comet TV,تلویزیون دنباله دار,http://www.parsatv.com/embed.php?name=Comet-TV&auto=false
American Horrors,وحشت آمریکایی,http://www.parsatv.com/embed.php?name=American-Horrors&auto=false
NTV Afrique,NTV آفریقا,http://www.parsatv.com/embed.php?name=NTV-Afrique&auto=false
Gravitas Movies,فیلم های Gravitas,http://www.parsatv.com/embed.php?name=Gravitas-Movies&auto=false
Dove Channel,کبوتر,http://www.parsatv.com/embed.php?name=Dove-Channel&auto=false
JOJ TV,تلویزیون او,http://www.parsatv.com/embed.php?name=JOJ-TV&auto=false
JOJ Plus,او به علاوه,http://www.parsatv.com/embed.php?name=JOJ-Plus&auto=false
JOJ Family,خانواده جوهر,http://www.parsatv.com/embed.php?name=JOJ-Family&auto=false
LFM TV,تلویزیون LFM,http://www.parsatv.com/embed.php?name=LFM-TV&auto=false
TV100 Greece,TV100 یونان,http://www.parsatv.com/embed.php?name=TV100-Greece&auto=false
Electric Now,اکنون برقی,http://www.parsatv.com/embed.php?name=Electric-Now&auto=false
WOW TV,وای تلویزیون,http://www.parsatv.com/embed.php?name=WOW-TV&auto=false
Revry TV,تلویزیون Revry,http://www.parsatv.com/embed.php?name=Revry-TV&auto=false
Popstar! TV,ستاره پاپ! تلویزیون,http://www.parsatv.com/embed.php?name=Popstar!-TV&auto=false
Mir TV,من تلویزیون,http://www.parsatv.com/embed.php?name=Mir-TV&auto=false
Mir TV 2,من تلویزیون 2,http://www.parsatv.com/embed.php?name=Mir-TV-2&auto=false
Mir TV 3,من تلویزیون 3,http://www.parsatv.com/embed.php?name=Mir-TV-3&auto=false
Russian TV,تلویزیون روسی,http://www.parsatv.com/embed.php?name=Russian-TV&auto=false
Sochi TV,تلویزیون سوچی,http://www.parsatv.com/embed.php?name=Sochi-TV&auto=false
Fubo Sports,ورزش های فوبو,http://www.parsatv.com/embed.php?name=Fubo-Sports-Network&auto=false
Red Bull TV,تلویزیون ردبول,http://www.parsatv.com/embed.php?name=Red-Bull-TV&auto=false
Sports Grid,شبکه ورزشی,http://www.parsatv.com/embed.php?name=Sports-Grid&auto=false
AutoMoto TV,ماشین تلویزیونی,http://www.parsatv.com/embed.php?name=AutoMoto-TV&auto=false
NASA TV,این در تلویزیون است,http://www.parsatv.com/embed.php?name=NASA-TV&auto=false
NASA Media,رسانه ناسا,http://www.parsatv.com/embed.php?name=NASA-Media&auto=false
Earth TV,تلویزیون زمین,http://www.parsatv.com/embed.php?name=Earth-TV&auto=false
TSC TV,تلویزیون TSC,http://www.parsatv.com/embed.php?name=The-Shopping-Channel&auto=false
UN TV,یک تلویزیون,http://www.parsatv.com/embed.php?name=United-Nations-TV&auto=false
Rik TV,سال تلویزیون,http://www.parsatv.com/embed.php?name=Rik-TV&auto=false
TBD TV,تلویزیون TBD,http://www.parsatv.com/embed.php?name=TBD-TV&auto=false
Alto Adige TV,تلویزیون تیرول جنوبی,http://www.parsatv.com/embed.php?name=Alto-Adige-TV&auto=false
TV 2000,تلویزیون 2000,http://www.parsatv.com/embed.php?name=TV-2000&auto=false
DCN TV,تلویزیون DCN,http://www.parsatv.com/embed.php?name=District-of-Columbia-Network&auto=false
Seattle Channel,کانال,http://www.parsatv.com/embed.php?name=Seattle-Channel&auto=false
Key TV Florida,تلویزیون کلیدی فلوریدا,http://www.parsatv.com/embed.php?name=Key-TV-Florida&auto=false
Vox Africa,VOX Africa,http://www.parsatv.com/embed.php?name=Vox-Africa&auto=false
Beach TV,تلویزیون ساحلی,http://www.parsatv.com/embed.php?name=Beach-TV&auto=false
AFV TV,تلویزیون AFV,http://www.parsatv.com/embed.php?name=AFV-TV&auto=false
1TV Georgia,1TV جورجیا,http://www.parsatv.com/embed.php?name=1TV-Georgia&auto=false
Monarch TV,تلویزیون سلطنت,http://www.parsatv.com/embed.php?name=Monarch-TV&auto=false
TCI Italy,TCI ایتالیا,http://www.parsatv.com/embed.php?name=TCI-Italy&auto=false
Hope Channel,کانال امید,http://www.parsatv.com/embed.php?name=Hope-Channel&auto=false
GOD TV,تلویزیون خدا,http://www.parsatv.com/embed.php?name=GOD-TV&auto=false
Biz TV,ما تلویزیون,http://www.parsatv.com/embed.php?name=Biz-TV&auto=false
Kool TV,تلویزیون کول,http://www.parsatv.com/embed.php?name=Kool-TV&auto=false
Horse & Country,اسب و کشور,http://www.parsatv.com/embed.php?name=Horse-Country-TV&auto=false
CGTN Doc,CGTN DOC,http://www.parsatv.com/embed.php?name=CGTN-Documentary&auto=false
CGTN French,CGTN فرانسوی,http://www.parsatv.com/embed.php?name=CGTN-French&auto=false
CGTN Russian,CGTN روسی,http://www.parsatv.com/embed.php?name=CGTN-Russian&auto=false
BX1 TV,تلویزیون BX1,http://www.parsatv.com/embed.php?name=BX1-TV&auto=false
Go2Travel TV,تلویزیون Go2Travel,http://www.parsatv.com/embed.php?name=Go2Travel-TV&auto=false
4K Travel TV,4K تلویزیون سفر,http://www.parsatv.com/embed.php?name=4K-Travel-TV&auto=false
Mir 24,میر 24,http://www.parsatv.com/embed.php?name=Mir-24&auto=false
RT Documentary,مستند RT,http://www.parsatv.com/embed.php?name=Russia-Today-Documentary&auto=false
ZDF,ZDF,http://www.parsatv.com/embed.php?name=ZDF&auto=false
VOX,وتکس,http://www.parsatv.com/embed.php?name=VOX&auto=false
Sixx,ششم,http://www.parsatv.com/embed.php?name=Sixx&auto=false
RTL,RTL,http://www.parsatv.com/embed.php?name=RTL&auto=false
RTL 2,RTL 2,http://www.parsatv.com/embed.php?name=RTL-Zwei&auto=false
RTL Nitro,RTL نیترو,http://www.parsatv.com/embed.php?name=RTL-Nitro&auto=false
Super RTL,فوق العاده RTL,http://www.parsatv.com/embed.php?name=Super-RTL&auto=false
Baden TV,تلویزیون بادن,http://www.parsatv.com/embed.php?name=Baden-TV&auto=false
Euronews DE,Euronews de,http://www.parsatv.com/embed.php?name=Euronews-Deutsch&auto=false
DMAX,dmax,http://www.parsatv.com/embed.php?name=DMAX&auto=false
ProSieben,عکسبرداری,http://www.parsatv.com/embed.php?name=ProSieben&auto=false
ProSieben MAXX,Prosieben Maxx,http://www.parsatv.com/embed.php?name=ProSieben-MAXX&auto=false
3sat,چوب,http://www.parsatv.com/embed.php?name=3sat&auto=false
Kika,توهین,http://www.parsatv.com/embed.php?name=Kika&auto=false
Disney Channel,شبکه دیزنی,http://www.parsatv.com/embed.php?name=Disney-Channel&auto=false
ntv,NTV,http://www.parsatv.com/embed.php?name=ntv&auto=false
Welt,ورم,http://www.parsatv.com/embed.php?name=Welt&auto=false
Nick,بریدگی کوچک,http://www.parsatv.com/embed.php?name=Nick&auto=false
Sat1,SAT1,http://www.parsatv.com/embed.php?name=Sat1&auto=false
Sat1 Gold,شنبه 1 طلا,http://www.parsatv.com/embed.php?name=Sat1-Gold&auto=false
NDR,نردبان,http://www.parsatv.com/embed.php?name=NDR-Fernsehen&auto=false
Alex Berlin,الکس برلین,http://www.parsatv.com/embed.php?name=Alex-Berlin&auto=false
Deutsch Musik,موسیقی آلمانی,http://www.parsatv.com/embed.php?name=Deutsches-Musik-Fernsehen&auto=false
Tirol TV,تلویزیون تیرول,http://www.parsatv.com/embed.php?name=Tirol-TV&auto=false
WDR,wdr,http://www.parsatv.com/embed.php?name=Westdeutscher-Rundfunk&auto=false
BR,بید,http://www.parsatv.com/embed.php?name=Bayerischer-Rundfunk-TV&auto=false
HR,ساعت,http://www.parsatv.com/embed.php?name=Hessischer-Rundfunk&auto=false
TVO,دو,http://www.parsatv.com/embed.php?name=TV-Oberfranken&auto=false
TeleBarn,از راه دور,http://www.parsatv.com/embed.php?name=TeleBarn&auto=false
Augsburg TV,تلویزیون آگسبورگ,http://www.parsatv.com/embed.php?name=Augsburg-TV&auto=false
Mainfranken,فرانکونیا اصلی,http://www.parsatv.com/embed.php?name=TV-Mainfranken&auto=false
Franken TV,صادقانه تلویزیون,http://www.parsatv.com/embed.php?name=Franken-Fernsehen&auto=false
Allgau TV,محرومیت از تلویزیون,http://www.parsatv.com/embed.php?name=Allgau-TV&auto=false
Sylt1,sylt1,http://www.parsatv.com/embed.php?name=Sylt1&auto=false
TVA,تیغ,http://www.parsatv.com/embed.php?name=TVA&auto=false
Kabel 1,کابل 1,http://www.parsatv.com/embed.php?name=Kabel-Eins&auto=false
Tele 5,Tele 5,http://www.parsatv.com/embed.php?name=Tele-5&auto=false
ARD,قید,http://www.parsatv.com/embed.php?name=ARD&auto=false
Dorf TV,تلویزیون دورف,http://www.parsatv.com/embed.php?name=Dorf-TV&auto=false
Okto TV,تلویزیون هشتم,http://www.parsatv.com/embed.php?name=Okto-TV&auto=false
RTL LU,rtl lu,http://www.parsatv.com/embed.php?name=RTL-Luxembourg&auto=false
FS1,fs1,http://www.parsatv.com/embed.php?name=Freies-Fernsehen-Salzburg&auto=false
Laendle TV,تلویزیون لندل,http://www.parsatv.com/embed.php?name=Laendle-TV&auto=false
tagesschau24,Tagesschau24,http://www.parsatv.com/embed.php?name=tagesschau24&auto=false
SR,SR,http://www.parsatv.com/embed.php?name=Saarlandischer-Rundfunk&auto=false
W24,W24,http://www.parsatv.com/embed.php?name=W24&auto=false
ARD Alpha,ایل آلفا,http://www.parsatv.com/embed.php?name=ARD-Alpha&auto=false
ORF 1,ORF 1,http://www.parsatv.com/embed.php?name=ORF-1&auto=false
Omrop Fryslan,امروپ فریزن,http://www.parsatv.com/embed.php?name=Omrop-Fryslan&auto=false
France 24 AR,فرانسه 24 AR,http://www.parsatv.com/embed.php?name=France-24-Arabic&auto=false
BBC Arabic,عربی بی بی سی,http://www.parsatv.com/embed.php?name=BBC-Arabic&auto=false
Sky News Arabia,Sky News Arabia,http://www.parsatv.com/embed.php?name=Sky-News-Arabia&auto=false
Alrayyan TV,تلویزیون Alrayyan,http://www.parsatv.com/embed.php?name=Alrayyan-TV&auto=false
Dijlah TV,تلویزیون را کاوش کنید,http://www.parsatv.com/embed.php?name=Dijlah-TV&auto=false
CNBC Arabiya,عربستان,http://www.parsatv.com/embed.php?name=CNBC-Arabiya&auto=false
Asharq News,اخبار Asharq,http://www.parsatv.com/embed.php?name=Asharq-News&auto=false
Alaraby TV,تلویزیون Alaraby,http://www.parsatv.com/embed.php?name=Alaraby-TV&auto=false
Hala TV,بسیاری از تلویزیون,http://www.parsatv.com/embed.php?name=Hala-TV&auto=false
CGTN Arabic,CGTN عربی,http://www.parsatv.com/embed.php?name=CGTN-Arabic&auto=false
DW Arabic,DW عربی,http://www.parsatv.com/embed.php?name=DW-Arabic&auto=false
TRT Arabic,عربی,http://www.parsatv.com/embed.php?name=TRT-Arabic&auto=false
Alrai TV,تلویزیون ALRAI,http://www.parsatv.com/embed.php?name=Alrai-TV&auto=false
Extra News,اخبار اضافی,http://www.parsatv.com/embed.php?name=Extra-News&auto=false
Aljazeera Arabic,عربی الجزیره,http://www.parsatv.com/embed.php?name=Aljazeera-Arabic&auto=false
Al Hadath,رویداد,http://www.parsatv.com/embed.php?name=Al-Hadath&auto=false
Al Maghribiya,مغرب,http://www.parsatv.com/embed.php?name=Al-Maghribiya&auto=false
Al Sharqiya TV,AL Sharqia T.,http://www.parsatv.com/embed.php?name=Al-Sharqiya-TV&auto=false
Al Sharqiya News,ال شارقیا نوس,http://www.parsatv.com/embed.php?name=Al-Sharqiya-News&auto=false
Sharjah Sports,ورزش های شارجه,http://www.parsatv.com/embed.php?name=Sharjah-Sports&auto=false
Tamazight TV,تلویزیون Tamazight,http://www.parsatv.com/embed.php?name=Tamazight-TV&auto=false
Sat7 Arabic,Sat7 عربی,http://www.parsatv.com/embed.php?name=Sat7-Arabic&auto=false
Sat7 Kids,Sat7 بچه ها,http://www.parsatv.com/embed.php?name=Sat7-Kids&auto=false
El Sharq TV,تلویزیون شرقی,http://www.parsatv.com/embed.php?name=El-Sharq-TV&auto=false
Al Ahrar TV,تلویزیون الحرار,http://www.parsatv.com/embed.php?name=Libya-Al-Ahrar-TV&auto=false
Almagharibia TV,مگس,http://www.parsatv.com/embed.php?name=Almagharibia-TV&auto=false
Abu Dhabi TV,تلویزیون ابوظبی,http://www.parsatv.com/embed.php?name=Abu-Dhabi-TV&auto=false
Al Emarat TV,امارات T.,http://www.parsatv.com/embed.php?name=Al-Emarat-TV&auto=false
Alhorreya TV,تلویزیون Alhorreya,http://www.parsatv.com/embed.php?name=Alhorreya-TV&auto=false
Dubai One,دبی یکی,http://www.parsatv.com/embed.php?name=Dubai-One&auto=false
Sama Dubai,همان دبی,http://www.parsatv.com/embed.php?name=Sama-Dubai&auto=false
Dubai Zaman,دبی تاری,http://www.parsatv.com/embed.php?name=Dubai-Zaman&auto=false
Noor Dubai,نور دبی,http://www.parsatv.com/embed.php?name=Noor-Dubai&auto=false
Dubai Racing,مسابقه دبی,http://www.parsatv.com/embed.php?name=Dubai-Racing&auto=false
Dubai Sports 1,ورزش دبی 1,http://www.parsatv.com/embed.php?name=Dubai-Sports-1&auto=false
Dubai Sports 2,دبی ورزش 2,http://www.parsatv.com/embed.php?name=Dubai-Sports-2&auto=false
Dubai Sports 3,دبی ورزش 3,http://www.parsatv.com/embed.php?name=Dubai-Sports-3-HD&auto=false
AD Sports 1,ورزش تبلیغاتی 1,http://www.parsatv.com/embed.php?name=AD-Sports-1&auto=false
AD Sports 2,AD Sports 2,http://www.parsatv.com/embed.php?name=AD-Sports-2&auto=false
YAS Sports,ورزش YAS,http://www.parsatv.com/embed.php?name=YAS-Sports&auto=false
Arryadia,اره,http://www.parsatv.com/embed.php?name=Arryadia&auto=false
Arabica TV,تلویزیون عربی,http://www.parsatv.com/embed.php?name=Arabica-TV&auto=false
National Geo,جغرافیایی ملی,http://www.parsatv.com/embed.php?name=National-Geographic-Abu-Dhabi&auto=false
Mekameleen TV,تلویزیون در مکه,http://www.parsatv.com/embed.php?name=Mekameleen-TV&auto=false
Spacetoon,فضا,http://www.parsatv.com/embed.php?name=Spacetoon&auto=false
Koogi TV,تلویزیون کیک,http://www.parsatv.com/embed.php?name=Koogi-TV&auto=false
Qatar TV 1,تلویزیون قطر 1,http://www.parsatv.com/embed.php?name=Qatar-TV-1&auto=false
Qatar TV 2,تلویزیون قطر 2,http://www.parsatv.com/embed.php?name=Qatar-TV-2&auto=false
Alhurra TV,تلویزیون Alhurra,http://www.parsatv.com/embed.php?name=Alhurra-TV&auto=false
Laayoune TV,خط T.,http://www.parsatv.com/embed.php?name=Laayoune-TV&auto=false
Eman TV,تلویزیون امان,http://www.parsatv.com/embed.php?name=Eman-TV&auto=false
Miracle Arabic,عربی معجزه,http://www.parsatv.com/embed.php?name=Miracle-Channel-Arabic&auto=false
ABN Sat TV,ABN SAT TV,http://www.parsatv.com/embed.php?name=ABN-Sat-TV&auto=false
RT Arabic,RT عربی,http://www.parsatv.com/embed.php?name=Russia-Today-Arabic&auto=false
Ariana TV,تلویزیون آریانا,http://www.parsatv.com/embed.php?name=Ariana-Afghan&auto=false
Ariana News,اخبار آریانا,http://www.parsatv.com/embed.php?name=Ariana-News&auto=false
ATN Europe,ATN اروپا,http://www.parsatv.com/embed.php?name=ATN-Europe&auto=false
Afghanistan Intl,افغانستان Intl,http://www.parsatv.com/embed.php?name=Afghanistan-International-TV&auto=false
ATN USA,ATN USA,http://www.parsatv.com/embed.php?name=ATN-USA&auto=false
ATN National,ملیت ATN,http://www.parsatv.com/embed.php?name=ATN-National&auto=false
Afghan TV,تلویزیون افغانستان,http://www.parsatv.com/embed.php?name=Afghan-TV&auto=false
Pamir TV,تلویزیون پامیر,http://www.parsatv.com/embed.php?name=Pamir-TV&auto=false
Afghan Intl Rd,افغانستان Intl Rd,http://www.parsatv.com/embed.php?name=Afghanistan-International-Radio&auto=false
Tolo TV,تلویزیون تولو,http://www.parsatv.com/embed.php?name=Tolo-TV&auto=false
Tolo Music,موسیقی TOLO,http://www.parsatv.com/embed.php?name=Tolo-Music&auto=false
Tolo News,اخبار تولو,http://www.parsatv.com/embed.php?name=Tolo-News&auto=false
Lemar TV,تلویزیون لمار,http://www.parsatv.com/embed.php?name=Lemar-TV&auto=false
RTA News,اخبار RTA,http://www.parsatv.com/embed.php?name=RTA-News&auto=false
Payame Afghan,نام افغان,http://www.parsatv.com/embed.php?name=Payame-Afghan&auto=false
Nobel TV,تلویزیون نوبل,http://www.parsatv.com/embed.php?name=Afghan-Nobel-TV&auto=false
Nobel Music,موسیقی نوبل,http://www.parsatv.com/embed.php?name=Afghan-Nobel-Music&auto=false
Sohail TV,تلویزیون Sohail,http://www.parsatv.com/embed.php?name=Sohail-TV&auto=false
Bahar TV,تلویزیون بهار,http://www.parsatv.com/embed.php?name=Bahar-TV&auto=false
Hasti TV,تلویزیون مشهور,http://www.parsatv.com/embed.php?name=Hasti-TV&auto=false
Asia Music,موسیقی آسیا,http://www.parsatv.com/embed.php?name=Asia-Music-Channel&auto=false
Kayhan TV,تلویزیون کیهان,http://www.parsatv.com/embed.php?name=Kayhan-Afghan&auto=false
Faza TV,مرحله تلویزیون,http://www.parsatv.com/embed.php?name=Faza-TV&auto=false
Barbud Music,موسیقی باربود,http://www.parsatv.com/embed.php?name=Barbud-Music&auto=false
Zarin TV,تلویزیون,http://www.parsatv.com/embed.php?name=Zarin-TV&auto=false
Donyai New,دونیا جدید,http://www.parsatv.com/embed.php?name=Donyai-New&auto=false
Shamshad TV,تلویزیون شمشاد,http://www.parsatv.com/embed.php?name=Shamshad-Afghan&auto=false
Watane Maa,میهن,http://www.parsatv.com/embed.php?name=Watan-e-Maa-TV&auto=false
Nour TV,تلویزیون,http://www.parsatv.com/embed.php?name=Nour-TV&auto=false
Iman TV,تلویزیون ایمان,http://www.parsatv.com/embed.php?name=Iman-TV&auto=false
Eslah TV,تلویزیون Eslah,http://www.parsatv.com/embed.php?name=Eslah-TV&auto=false
Barya TV,سکه,http://www.parsatv.com/embed.php?name=Barya-TV&auto=false
Rudaw TV,تلویزیون روداو,http://www.parsatv.com/embed.php?name=Rudaw-TV&auto=false
Kurdistan TV,تلویزیون کردستان,http://www.parsatv.com/embed.php?name=Kurdistan-TV&auto=false
Sterk TV,تلویزیون قوی,http://www.parsatv.com/embed.php?name=Sterk-TV&auto=false
TRT Kurdi,انگور,http://www.parsatv.com/embed.php?name=TRT-Kurdi&auto=false
Arti TV,هنرهای تلویزیونی,http://www.parsatv.com/embed.php?name=Arti-TV&auto=false
Mix Kurdish,کرد,http://www.parsatv.com/embed.php?name=Mix-Kurdish&auto=false
Kurdmax TV,تلویزیون کردمکس,http://www.parsatv.com/embed.php?name=Kurdmax-TV&auto=false
Kurdmax Show,نمایش داده های کرداکس,http://www.parsatv.com/embed.php?name=Kurdmax-Show&auto=false
Kurdmax Music,موسیقی Kurdmax,http://www.parsatv.com/embed.php?name=Kurdmax-Music&auto=false
Kurdsat TV,تلویزیون کردت,http://www.parsatv.com/embed.php?name=Kurdsat-TV&auto=false
Kurdsat News,اخبار کردت,http://www.parsatv.com/embed.php?name=Kurdsat-News&auto=false
Afarin Kids,بچه های افرین,http://www.parsatv.com/embed.php?name=Afarin-Kids&auto=false
Kurdistan 24,کردستان 24,http://www.parsatv.com/embed.php?name=Kurdistan-24&auto=false
Ronahi TV,تلویزیون Rounahi,http://www.parsatv.com/embed.php?name=Ronahi-TV&auto=false
Amozhgary TV,تلویزیون Amojahjari,http://www.parsatv.com/embed.php?name=Amozhgary-TV&auto=false
NRT TV,تلویزیون NRT,http://www.parsatv.com/embed.php?name=NRT-TV&auto=false
Speda TV,تلویزیون Speda,http://www.parsatv.com/embed.php?name=Speda-TV&auto=false
Gali Kurdistan,کورستان,http://www.parsatv.com/embed.php?name=Gali-Kurdistan&auto=false
Med Muzik,موسیقی MED,http://www.parsatv.com/embed.php?name=Med-Muzik&auto=false
4 Kurd,4 کرد,http://www.parsatv.com/embed.php?name=4-Kurd&auto=false
Payam TV,ترس از تلویزیون,http://www.parsatv.com/embed.php?name=Payam-TV&auto=false
Ashur Sat,اشور نشست,http://www.parsatv.com/embed.php?name=Ashur-Sat&auto=false
Ashur Music,موسیقی,http://www.parsatv.com/embed.php?name=Ashur-Sat-Music&auto=false
Zarok TV,تلویزیون زاروک,http://www.parsatv.com/embed.php?name=Zarok-TV&auto=false
Kurd Channel,کانال,http://www.parsatv.com/embed.php?name=Kurd-Channel&auto=false
AVA TV,تلویزیون آوا,http://www.parsatv.com/embed.php?name=AVA-TV&auto=false
Star TV,ستارگان,http://www.parsatv.com/embed.php?name=Star-TV&auto=false
FOX Turkey,روباه ترکیه,http://www.parsatv.com/embed.php?name=FOX-Turkey&auto=false
TV 360,تلویزیون 360,http://www.parsatv.com/embed.php?name=TV-360&auto=false
Show TV,تلویزیون نشان دادن,http://www.parsatv.com/embed.php?name=Show-TV&auto=false
Show Max,نشان دادن حداکثر,http://www.parsatv.com/embed.php?name=Show-Max&auto=false
Show Turk,ترک ترک,http://www.parsatv.com/embed.php?name=Show-Turk-TV&auto=false
Teve 2,2,http://www.parsatv.com/embed.php?name=Teve-2&auto=false
Medeniyet TV,تلویزیون تمدن,http://www.parsatv.com/embed.php?name=Medeniyet-TV&auto=false
Dream Turk,رویای ترک,http://www.parsatv.com/embed.php?name=Dream-Turk&auto=false
Number1 Damar,شماره 1 دامار,http://www.parsatv.com/embed.php?name=Number1-Damar&auto=false
Number1 TV,شماره 1 تلویزیون,http://www.parsatv.com/embed.php?name=Number1-HD&auto=false
Number1 Turk,شماره 1 ترک,http://www.parsatv.com/embed.php?name=Number1-Turk&auto=false
Number1 Ask,شماره 1 بپرسید,http://www.parsatv.com/embed.php?name=Number1-Ask&auto=false
Number1 Dance,شماره 1 رقص,http://www.parsatv.com/embed.php?name=Number1-Dance&auto=false
Euro Star,ستاره یورو,http://www.parsatv.com/embed.php?name=Euro-Star&auto=false
Kral TV,پادشاه تلویزیون,http://www.parsatv.com/embed.php?name=Kral-TV&auto=false
Kral POP,کرال پاپ,http://www.parsatv.com/embed.php?name=Kral-POP&auto=false
A Spor,اسپور,http://www.parsatv.com/embed.php?name=A-Spor&auto=false
ATV,ATV,http://www.parsatv.com/embed.php?name=ATV&auto=false
A2 TV,تلویزیون A2,http://www.parsatv.com/embed.php?name=A2-TV&auto=false
A Haber,یک خبر,http://www.parsatv.com/embed.php?name=A-Haber&auto=false
TRT 1,TRT 1,http://www.parsatv.com/embed.php?name=TRT-1&auto=false
TRT 2,TRT 2,http://www.parsatv.com/embed.php?name=TRT-2&auto=false
TRT Haber,اخبار TRT,http://www.parsatv.com/embed.php?name=TRT-Haber&auto=false
TRT Lise,Trt Lise,http://www.parsatv.com/embed.php?name=TRT-EBA-Lise&auto=false
TRT Ilkokul,دبستان TRT,http://www.parsatv.com/embed.php?name=TRT-EBA-Ilkokul&auto=false
TRT Diyanet,Trt Diyanet,http://www.parsatv.com/embed.php?name=TRT-Diyanet&auto=false
TRT Turk,Trt Turk,http://www.parsatv.com/embed.php?name=TRT-Turk&auto=false
TRT Avaz,TRT Avaz,http://www.parsatv.com/embed.php?name=TRT-Avaz&auto=false
TRT Muzik,موسیقی TRT,http://www.parsatv.com/embed.php?name=TRT-Muzik&auto=false
TRT Cocuk,کودک TRT,http://www.parsatv.com/embed.php?name=TRT-Cocuk&auto=false
TRT Belgesel,مستند TRT,http://www.parsatv.com/embed.php?name=TRT-Belgesel&auto=false
Ulke TV,تلویزیون اولکه,http://www.parsatv.com/embed.php?name=Ulke-TV&auto=false
TV100,TV100,http://www.parsatv.com/embed.php?name=TV100&auto=false
ATV Avrupa,ATV اروپا,http://www.parsatv.com/embed.php?name=ATV-Avrupa&auto=false
Azad TV,تلویزیون آزاد,http://www.parsatv.com/embed.php?name=Azad-TV&auto=false
Fenerbahce TV,تلویزیون فنربابس,http://www.parsatv.com/embed.php?name=Fenerbahce-TV&auto=false
Galatasaray TV,تلویزیون گمرکی,http://www.parsatv.com/embed.php?name=Galatasaray-TV&auto=false
Istanbul TV,تلویزیون استانبول,http://www.parsatv.com/embed.php?name=Istanbul-TV&auto=false
TV8,TV8,http://www.parsatv.com/embed.php?name=TV8&auto=false
Beyaz TV,تلویزیون سفید,http://www.parsatv.com/embed.php?name=Beyaz-TV&auto=false
Milyon TV,میلیون تلویزیون,http://www.parsatv.com/embed.php?name=Milyon-TV&auto=false
24 TV,24 تلویزیون,http://www.parsatv.com/embed.php?name=24-TV&auto=false
CNN Turk,CNN ترک,http://www.parsatv.com/embed.php?name=CNN-Turk&auto=false
TGRT Haber,اخبار TGRT,http://www.parsatv.com/embed.php?name=TGRT-Haber&auto=false
Sat7 Turk,Sat7 Turk,http://www.parsatv.com/embed.php?name=Sat7-Turk&auto=false
NTV Izle,ساعت NTV,http://www.parsatv.com/embed.php?name=NTV-Izle&auto=false
Vizyon TV,تلویزیون بینایی,http://www.parsatv.com/embed.php?name=Vizyon-TV&auto=false
Haber61,HABER61,http://www.parsatv.com/embed.php?name=Haber61&auto=false
EkoTurk,اکوتراک,http://www.parsatv.com/embed.php?name=EkoTurk&auto=false
Slow Turk,آهسته ترک,http://www.parsatv.com/embed.php?name=Slow-Turk-Radio&auto=false
Halk TV,تلویزیون هالک,http://www.parsatv.com/embed.php?name=Halk-TV&auto=false
Yol TV,تلویزیون YOL,http://www.parsatv.com/embed.php?name=Yol-TV&auto=false
Bursa TV,تبادل تلویزیون,http://www.parsatv.com/embed.php?name=Bursa-TV&auto=false
Kanal D,کانال D,http://www.parsatv.com/embed.php?name=Kanal-D-HD&auto=false
Kanal 7,کانال 7,http://www.parsatv.com/embed.php?name=Kanal-7&auto=false
Kanal 7 Avrupa,کانال 7 اروپا,http://www.parsatv.com/embed.php?name=Kanal-7-Avrupa&auto=false
Kanal 3,کانال 3,http://www.parsatv.com/embed.php?name=Kanal-3&auto=false
Kanal Z,کانال با,http://www.parsatv.com/embed.php?name=Kanal-Z&auto=false
Kanal B,kanal b,http://www.parsatv.com/embed.php?name=Kanal-B&auto=false
Tempo TV,زمان تلویزیون,http://www.parsatv.com/embed.php?name=Tempo-TV&auto=false
TVnet,میز گردان,http://www.parsatv.com/embed.php?name=TVnet&auto=false
Haberturk TV,تلویزیون هابرتورک,http://www.parsatv.com/embed.php?name=Haberturk-TV&auto=false
TRT Spor,TRT Spor,http://www.parsatv.com/embed.php?name=TRT-Spor&auto=false
TRT Spor 2,TRT Sports 2,http://www.parsatv.com/embed.php?name=TRT-Spor-Yildiz&auto=false
Tele 1,Tele 1,http://www.parsatv.com/embed.php?name=Tele-1&auto=false
AzStar TV,تلویزیون Azstar,http://www.parsatv.com/embed.php?name=AzStar-TV&auto=false
AzTV 1,aztv 1,http://www.parsatv.com/embed.php?name=AzTV-1&auto=false
AzTV 2,aztv 2,http://www.parsatv.com/embed.php?name=AzTV-2&auto=false
ARTN Shant TV,تلویزیون جالب Arton,http://www.parsatv.com/embed.php?name=ARTN-Shant-TV&auto=false
1TV Armenia,1TV ارمنستان,http://www.parsatv.com/embed.php?name=1TV-Armenia&auto=false
USArmenia TV,تلویزیون Usammenia,http://www.parsatv.com/embed.php?name=USArmenia-TV&auto=false
AMGA TV,تلویزیون,http://www.parsatv.com/embed.php?name=AMGA-TV&auto=false
Horizon TV,تلویزیون افق,http://www.parsatv.com/embed.php?name=Horizon-TV&auto=false
AABC TV,تلویزیون AABC,http://www.parsatv.com/embed.php?name=Armenian-American-TV&auto=false
TBN Armenia,TBN ارمنستان,http://www.parsatv.com/embed.php?name=TBN-Armenia&auto=false
PanArmenian TV,تلویزیون پارماین,http://www.parsatv.com/embed.php?name=PanArmenian-TV&auto=false
Song TV,تلویزیون,http://www.parsatv.com/embed.php?name=Song-TV-Armenia&auto=false
JBS TV,تلویزیون JBS,http://www.parsatv.com/embed.php?name=JBS-TV&auto=false
JLTV,jltv,http://www.parsatv.com/embed.php?name=Jewish-Life-TV&auto=false
Makan 33,33 بخورید,http://www.parsatv.com/embed.php?name=Makan-33&auto=false
Reshet 13,13,http://www.parsatv.com/embed.php?name=Reshet-13&auto=false
Hidabroot TV,تلویزیون Hidabroot,http://www.parsatv.com/embed.php?name=Hidabroot-TV&auto=false
Knesset Israel,کنست اسرائیل,http://www.parsatv.com/embed.php?name=Knesset-Channel&auto=false
Angel TV,تلویزیون فرشته,http://www.parsatv.com/embed.php?name=Angel-TV-Hebrew&auto=false
Kan Kids,بچه های کان,http://www.parsatv.com/embed.php?name=Kan-Kids&auto=false
Kabbalah TV,تلویزیون کابالا,http://www.parsatv.com/embed.php?name=Kabbalah-TV&auto=false
Western Wall,دیوار غربی,http://www.parsatv.com/embed.php?name=The-Western-Wall&auto=false
TelePavia,تله پیاف,http://www.parsatv.com/embed.php?name=TelePavia&auto=false
Aragon TV,تلویزیون آراگون,http://www.parsatv.com/embed.php?name=Aragon-TV&auto=false
Tele Arena,عرصه تله,http://www.parsatv.com/embed.php?name=Tele-Arena&auto=false
TeleTicino,تله,http://www.parsatv.com/embed.php?name=TeleTicino&auto=false
IB3 TV,تلویزیون IB3,http://www.parsatv.com/embed.php?name=IB3-TV&auto=false
ICI TV,اینجا تلویزیون,http://www.parsatv.com/embed.php?name=ICI-Television&auto=false
CGTN Spanish,CGTN اسپانیایی,http://www.parsatv.com/embed.php?name=CGTN-Spanish&auto=false
DW Spanish,DW اسپانیایی,http://www.parsatv.com/embed.php?name=DW-Spanish&auto=false
Euronews ES,Euronews es,http://www.parsatv.com/embed.php?name=Euronews-Espanol&auto=false
Tele Madrid,تله,http://www.parsatv.com/embed.php?name=Tele-Madrid&auto=false
France 24 ES,فرانسه 24 ES,http://www.parsatv.com/embed.php?name=France-24-Spanish&auto=false
Canal 10 Cancun,کانال 10 کانکون,http://www.parsatv.com/embed.php?name=Canal-10-Cancun&auto=false
Miami TV LA,تلویزیون میامی آنجا,http://www.parsatv.com/embed.php?name=Miami-TV-Latino&auto=false
Enlace Juvenil,زندگی جوانان,http://www.parsatv.com/embed.php?name=Enlace-Juvenil&auto=false
ETB Sat,etb sat,http://www.parsatv.com/embed.php?name=ETB-Sat&auto=false
Kan 11,می تواند 11,http://www.parsatv.com/embed.php?name=Kan-11&auto=false
RT Spanish,RT اسپانیایی,http://www.parsatv.com/embed.php?name=Russia-Today-Spanish&auto=false
Channel 24,کانال 24,http://www.parsatv.com/embed.php?name=Channel-24-Ukraine&auto=false
7 Kanal,7 کانال,http://www.parsatv.com/embed.php?name=7-Kanal&auto=false
UA:Odessa,UA: اودسا,http://www.parsatv.com/embed.php?name=UA-Odessa&auto=false
5Kanal,لگد زدن,http://www.parsatv.com/embed.php?name=5Kanal&auto=false
PravdaTUT TV,تلویزیون,http://www.parsatv.com/embed.php?name=PravdaTUT-TV&auto=false
BamBarBia TV,تلویزیون کودک تلویزیون,http://www.parsatv.com/embed.php?name=BamBarBia-TV&auto=false
Pryamiy TV,تلویزیون مستقیم,http://www.parsatv.com/embed.php?name=Pryamiy-TV&auto=false
Espreso TV,تلویزیون اسپرسو,http://www.parsatv.com/embed.php?name=Espreso-TV&auto=false
First City Odessa,اولین شهر اودسا,http://www.parsatv.com/embed.php?name=First-City-Odessa&auto=false
K1 TV,تلویزیون K1,http://www.parsatv.com/embed.php?name=K1-TV&auto=false
UA TV,تلویزیون را انجام دهید,http://www.parsatv.com/embed.php?name=UA-TV&auto=false
Ukraine Live,اوکراین زنده,http://www.parsatv.com/embed.php?name=Ukraine-Live-Cam&auto=false
Inter TV,بین تلویزیون,http://www.parsatv.com/embed.php?name=Inter-TV&auto=false
India TV News,اخبار تلویزیون هند,http://www.parsatv.com/embed.php?name=India-TV-News&auto=false
News X,اخبار x,http://www.parsatv.com/embed.php?name=News-X&auto=false
ABP News,اخبار ABP,http://www.parsatv.com/embed.php?name=ABP-News&auto=false
Express News,اخبار صریح,http://www.parsatv.com/embed.php?name=Express-News&auto=false
DY 365,365,http://www.parsatv.com/embed.php?name=DY-365&auto=false
Toronto 360,تورنتو 360,http://www.parsatv.com/embed.php?name=Toronto-360-TV&auto=false
9XM,اصلی,http://www.parsatv.com/embed.php?name=9XM&auto=false
Dawn News,اخبار سحر,http://www.parsatv.com/embed.php?name=Dawn-News&auto=false
92 News,92 خبر,http://www.parsatv.com/embed.php?name=92-News&auto=false
1st India News,اخبار اول هند,http://www.parsatv.com/embed.php?name=1st-India-News&auto=false
Barkat TV,تلویزیون بارکات,http://www.parsatv.com/embed.php?name=Barkat-TV&auto=false
News24 TV,News24 تلویزیون,http://www.parsatv.com/embed.php?name=News24-TV&auto=false
Marutam Music,موسیقی مارییتا,http://www.parsatv.com/embed.php?name=Marutam-Music&auto=false
7X Music,موسیقی 7x,http://www.parsatv.com/embed.php?name=7X-Music&auto=false
Desi Channel,کانال,http://www.parsatv.com/embed.php?name=Desi-Channel&auto=false
TAG TV,تلویزیون بگیرید,http://www.parsatv.com/embed.php?name=TAG-TV&auto=false
Shabake 1,خالص 1,http://www.parsatv.com/embed.php?name=Shabake-1&auto=false
Shabake 2,خالص 2,http://www.parsatv.com/embed.php?name=Shabake-2&auto=false
Shabake 4,خالص 4,http://www.parsatv.com/embed.php?name=Shabake-4&auto=false
Shabake 5,خالص 5,http://www.parsatv.com/embed.php?name=Shabake-5&auto=false
Varzesh,غوغا,http://www.parsatv.com/embed.php?name=Shabake-Varzesh&auto=false
Shabake Khabar,خس خبر,http://www.parsatv.com/embed.php?name=Shabake-Khabar&auto=false
Mostanad,شما الان هستید,http://www.parsatv.com/embed.php?name=Mostanad&auto=false
Namayesh,نام,http://www.parsatv.com/embed.php?name=Namayesh&auto=false
Omid,پر,http://www.parsatv.com/embed.php?name=Omid&auto=false
Pooya,پره,http://www.parsatv.com/embed.php?name=Pooya&auto=false
Tamasha,تاماشا,http://www.parsatv.com/embed.php?name=Tamasha&auto=false
Nasim,نصیم,http://www.parsatv.com/embed.php?name=Nasim&auto=false
Amouzesh,امووز,http://www.parsatv.com/embed.php?name=Amouzesh&auto=false
Salamat,با تشکر,http://www.parsatv.com/embed.php?name=Salamat&auto=false
Sepehr,سپر,http://www.parsatv.com/embed.php?name=Sepehr&auto=false
Nama,عدد,http://www.parsatv.com/embed.php?name=Nama&auto=false
Nava,ناوا,http://www.parsatv.com/embed.php?name=Nava&auto=false
Ara,ما خریداری می کنیم,http://www.parsatv.com/embed.php?name=Ara&auto=false
Javaneh,جاوان,http://www.parsatv.com/embed.php?name=Javaneh&auto=false
Ayyam,ایهام,http://www.parsatv.com/embed.php?name=Ayyam&auto=false
Sahar Kurdish,سحره,http://www.parsatv.com/embed.php?name=Sahar-Kurdish&auto=false
Sahar Urdu,ساهار اردو,http://www.parsatv.com/embed.php?name=Sahar-Urdu&auto=false
Sahar Afghan,سحار افغان,http://www.parsatv.com/embed.php?name=Sahar-Afghan&auto=false
Sahar Balkan,ساهار بالکان,http://www.parsatv.com/embed.php?name=Sahar-Balkan&auto=false
Hispan TV,تلویزیون اسپان,http://www.parsatv.com/embed.php?name=Hispan-TV&auto=false
Jame Jam 1,1 او در آن,http://www.parsatv.com/embed.php?name=Jame-Jam-1&auto=false
Jame Jam 2,او 2 دارد,http://www.parsatv.com/embed.php?name=Jame-Jam-2&auto=false
Jame Jam 3,او 3 در آن دارد,http://www.parsatv.com/embed.php?name=Jame-Jam-3&auto=false
Press TV,تلویزیون مطبوعات,http://www.parsatv.com/embed.php?name=Press-TV&auto=false
Press TV FR,Press TV FR,http://www.parsatv.com/embed.php?name=Press-TV-French&auto=false
Ofogh,اوج,http://www.parsatv.com/embed.php?name=Ofogh&auto=false
iFilm Persian,Ifilm فارسی,http://www.parsatv.com/embed.php?name=iFilm-Persian&auto=false
iFilm English,ifilm انگلیسی,http://www.parsatv.com/embed.php?name=iFilm-English&auto=false
iFilm Arabic,عربی عربی,http://www.parsatv.com/embed.php?name=iFilm-Arabic&auto=false
iFilm Dari,فیلم از,http://www.parsatv.com/embed.php?name=iFilm-Dari&auto=false
Alalam,برای یک,http://www.parsatv.com/embed.php?name=Alalam&auto=false
Alalam Syria,علم سوریه,http://www.parsatv.com/embed.php?name=Alalam-Syria&auto=false
Quran,قرآن,http://www.parsatv.com/embed.php?name=Quran&auto=false
Hausa TV,تلویزیون Hausa,http://www.parsatv.com/embed.php?name=Hausa-TV&auto=false
Velayat TV,تلویزیون Wellath,http://www.parsatv.com/embed.php?name=Velayat-TV&auto=false
Imam Hossein,امام حسین,http://www.parsatv.com/embed.php?name=Imam-Hossein&auto=false
Karbala TV,تلویزیون کربلا,http://www.parsatv.com/embed.php?name=Karbala-TV&auto=false
Alkosar,قصر,http://www.parsatv.com/embed.php?name=Alkosar&auto=false
Thaqalayn,فکر کردن,http://www.parsatv.com/embed.php?name=Thaqalayn&auto=false
Abadan,عابد,http://www.parsatv.com/embed.php?name=Abadan&auto=false
Alborz,هر دو,http://www.parsatv.com/embed.php?name=Alborz&auto=false
Ardabil,اردابیل,http://www.parsatv.com/embed.php?name=Ardabil&auto=false
Birjand,یکی,http://www.parsatv.com/embed.php?name=Khorasan-Jonoobi&auto=false
Bojnourd,پابرهنه,http://www.parsatv.com/embed.php?name=Khorasan-Shomali&auto=false
Booshehr,بوشر,http://www.parsatv.com/embed.php?name=Booshehr&auto=false
Chahar Mahal,چاهر محل,http://www.parsatv.com/embed.php?name=Chahar-Mahal&auto=false
Esfahan,اسان,http://www.parsatv.com/embed.php?name=Esfahan&auto=false
Fars,دور,http://www.parsatv.com/embed.php?name=Fars&auto=false
Gilan,گیلان,http://www.parsatv.com/embed.php?name=Gilan&auto=false
Golestan,گله,http://www.parsatv.com/embed.php?name=Golestan&auto=false
Hamedan,حمدان,http://www.parsatv.com/embed.php?name=Hamedan&auto=false
Ilam,الام,http://www.parsatv.com/embed.php?name=Ilam&auto=false
Kerman,کرمن,http://www.parsatv.com/embed.php?name=Kerman&auto=false
Kermanshah,کرمانشاه,http://www.parsatv.com/embed.php?name=Kermanshah&auto=false
Khoozestan,خرمن,http://www.parsatv.com/embed.php?name=Khoozestan&auto=false
Kish,کیش,http://www.parsatv.com/embed.php?name=Kish&auto=false
Kordestan,کورستان,http://www.parsatv.com/embed.php?name=Kordestan&auto=false
Lorestan,لورستان,http://www.parsatv.com/embed.php?name=Lorestan&auto=false
Mahabad,ماه آباد,http://www.parsatv.com/embed.php?name=Mahabad&auto=false
Markazi,مرکز,http://www.parsatv.com/embed.php?name=Markazi&auto=false
Mashhad,مشحد,http://www.parsatv.com/embed.php?name=Khorasan-Razavi&auto=false
Mazandaran,مازندران,http://www.parsatv.com/embed.php?name=Mazandaran&auto=false
Qazvin,قزوین,http://www.parsatv.com/embed.php?name=Qazvin&auto=false
Qom,سعدی,http://www.parsatv.com/embed.php?name=Qom&auto=false
Semnan,نیمان,http://www.parsatv.com/embed.php?name=Semnan&auto=false
Sistan,سسته,http://www.parsatv.com/embed.php?name=Sistan-Baluchestan&auto=false
Tabriz,خوشی,http://www.parsatv.com/embed.php?name=Azerbaijan-Sharghi&auto=false
Urmia,ارومیه,http://www.parsatv.com/embed.php?name=Azerbaijan-Gharbi&auto=false
Yasouj,ازدواج کردن,http://www.parsatv.com/embed.php?name=Kohgiluyeh&auto=false
Yazd,نوشتن,http://www.parsatv.com/embed.php?name=Yazd&auto=false
Zanjan,زنگ,http://www.parsatv.com/embed.php?name=Zanjan&auto=false